iteration,n_labeled,accuracy,f1_macro
0,80,0.47044917257683216,0.3416685772124245
1,105,0.5271867612293144,0.4338254378056443
2,130,0.5957446808510638,0.5454516078184111
3,155,0.6099290780141844,0.5553039762360883
4,180,0.607565011820331,0.5698042420808935
5,205,0.6193853427895981,0.5757066387861933
