iteration,n_labeled,accuracy,f1_macro
0,80,0.47044917257683216,0.3416685772124245
1,105,0.5768321513002365,0.5392388318056377
2,130,0.5910165484633569,0.5805863238253957
3,155,0.5768321513002365,0.5685031401590838
4,180,0.6052009456264775,0.5920358012507148
5,205,0.6335697399527187,0.6379494787489975
